Reference Context,Question
"First, it makes it difficult to reconcile company-level emissions with industry, national, and global GHG estimates, which is essential for assessing decarbonization efforts accurately.","How does reconciling company-level emissions with industry, national, and global GHG estimates relate to decarbonization efforts?"
"Second, since many companies have begun announcing ambitious emissions targets and claiming emissions reductions [10,11], there is a greater need to track and corroborate such claims in order to hold companies accountable for their polluting activities.",Why is there a need to track the emissions targets of companies?
"1 Introduction Climate change has induced increases in wildfire frequency and severity, with conditions conducive to large fires expected to become more common as climate predictions indicate drier summers and more heat in years to come.",How does climate change relate to wildfire frequency?
"Wildfires impact air quality, cause destruction of property and harm to health, and negatively influence atmospheric composition through the release of greenhouse gases, making wildfire behavior models critical.",How do wildfires impact atmospheric composition?
"Caused by the fungal plant pathogen Mycosphaerella ﬁjiensis, the disease leads to premature ripening and a 30 - 50% loss in yields (Queensland Government, 2021).",How does Mycosphaerella ﬁjiensis affect banana crop yield?
"Finally, Y , the number of cohorts of M. ﬁjiensis spores that caused infection, is computed as the product of F with the number of cohorts β (4).",How is the number of M. ﬁjiensis spores that caused infection computed?
"Crop breeding played a vital role in the Green Revolution that took place in the 20th century, which resulted in a threefold increase in plant-based food production within 50 years, while only raising land usage by 30% (2).",What was the impact of crop breeding in the 20th century on the plant-based food production?
"For certain high EV penetration areas, the EV charging demand may lead to transformer overloading at peak hours which makes the maximal EV penetration analysis an urgent problem to solve.",How does EV charging relate to transformer overloading?
The EVs as a whole will cause a high power demand and impose signiﬁcant impacts on the grid.,How does EV power demand impact the grid?
"In (Fernandez et al., 2011), the authors stated that 60% of electric vehicle penetration would lead to a 40% of power loss increase for off peak hours.",How does electric vehicle penetration relate to power loss increase for off peak hours?
Conclusion and Future Work The fast increase of electric vehicle adoption will bring a high power demand on the power system especially for peak power consumption hours.,How will electric vehicle adoption affect the peak power consumption hours?
"Because most of the incoming radiation originates from direct sunlight, a cloud hiding the Sun might cause a signiﬁcant 80% power drop within a minute.",How would cloud hiding the Sun affect power drop?
In low Sun conditions the saturated area in the long exposure image makes the Sun localisation more challenging.,Does the saturated area in the long exposure image in low Sun conditions make the Sun localisation more challenging?
An immediate impact of this project is that the connected analysis of the MOSAiC SMP dataset makes the retrieval of essential information about the state of the Arctic cryosphere possible.,Does the connected analysis of the MOSAiC SMP dataset impact the retrieval of essential information about the state of the Arctic cryosphere?
"Forecasting spatiotemporal processes is a difﬁcult task because the data are high-dimensional, often are limited in extent, and temporally correlated.",How does the temporal correlation of the data impact forecasting spatiotemporal processes?
Anthropogenic climate change is expected to cause an increase in both the intensity and frequency of MHWs.,How will anthropogenic climate change affect MHWs?
Ground fuels have been largely ignored in forest ﬁre research because it is prohibitively costly to measure them across large areas.,Why have ground fuels been largely ignored in forest ﬁre research?
"Renewable energies introduce new challenges to power grids due to decentralization, reduced inertia and volatility in production.",Why do renewable energies introduce new challenges to power grids?
"According to the National Oceanic and Atmospheric Administration (NOAA), it is likely that global warming will cause hurricanes in the upcoming century to be more intense by 1 to 10% globally (with higher peak winds and lower central pressures), which will result in a higher proportion of more severe storms (NOAA).",How will global warming affect the proportion of severe storms in the upcoming century?
"The force exerted by sudden strong winds can lead to excessive strain on the turbine components, potentially causing damage and compromising their operational efficiency.",How can sudden strong winds affect turbine components?
"Excessive cloud cover makes surface retrievals using multispectral imagery very challenging in certain geographies, negating its otherwise 'exhaustive' coverage.",How does excessive cloud cover affect surface retrievals using multispectral imagery?
Making accurate water quality and other hydrological predictions presents several challenges since watersheds are complex systems.,Why does accurate water quality and other hydrological predictions present several challenges?
"However, predicting climate impacts over individual watersheds is difﬁcult, primarily because accurate hydrological forecasts require models that are calibrated to past data.",Why is predicting climate impacts over individual watersheds difficult?
"Since icing events on turbine rotor blades are a leading cause of operational failures, identifying icing in advance is critical.",How does icing events on turbine rotor blades relate to operational failures?
"in warmer climates, the increased cooling load during summer can cause an increase in energy prices.",How are increased cooling load during summer and energy prices related?
Subsidence caused by human activities is currently the most important cause of relative sea level rise (RSL) change in many delta regions.,How does subsidence caused by human activities relate to rising sea levels?
"In addition, mass changes due to the redistribution of water on the Earth's surface and deformation of the lithosphere leads to a change in the Earth's rotation and gravitational ﬁeld, producing distinct spatial patterns in regional sea level change.",How does the redistribution of water on the Earth's surface and deformation of the lithosphere produce distinct spatial patterns in regional sea level change?
"Salinisation of surface water may lead to limitations in drinking water supply (Wilbers et al., 2014), as well as to future fresh water shortage in reservoirs, for example in Shanghai (Li et al., 2015).",How does salinisation of surface water affect fresh water shortage?
Warmer temperatures cause greater evaporation which leads to drier soils and vegetation which makes them more susceptible to burning and can lead to severe wildfires.,How does dry soils relate to severe wildfires?
"Since temperature generally decreases with height in the troposphere, the temperature of a cloud top is a proxy for its altitude.","How does height in the troposphere, affect the temperature of a cloud top?"
"Large-scale shifts in ecosystems may cause important feedbacks, in terms of changing water and carbon fluxes through impacted ecosystems - these can amplify or dampen atmospheric change at regional to continental scale.",How do large-scale shifts in ecosystems amplify or dampen atmospheric change at regional to continental scale?
"As SOC plays an important role in climate change mitigation [3], it is beneﬁcial if the SOC level can be accurately and efﬁciently estimated to allow effective monitoring and management.",How does SOC level estimation relate to climate change monitoring?
